SampleIndex,TargetViscosity_cP,GlycerolVolumeFraction,WeightFraction,Glycerol_mass_g,Water_mass_g,Density_kg_per_m3,DynamicViscosity_Pa_s,DynamicViscosity_Ns_per_m2,DynamicViscosity_cP,KinematicViscosity_m2_per_s,KinematicViscosity_cSt,SurfaceTension_N_per_m,Re_270rpm,Re_290rpm,Re_310rpm,Re_330rpm,Re_350rpm,Re_370rpm,Re_390rpm,Re_410rpm,Re_430rpm,Re_450rpm,We_270rpm,We_290rpm,We_310rpm,We_330rpm,We_350rpm,We_370rpm,We_390rpm,We_410rpm,We_430rpm,We_450rpm,Fr_270rpm,Fr_290rpm,Fr_310rpm,Fr_330rpm,Fr_350rpm,Fr_370rpm,Fr_390rpm,Fr_410rpm,Fr_430rpm,Fr_450rpm,Ca_270rpm,Ca_290rpm,Ca_310rpm,Ca_330rpm,Ca_350rpm,Ca_370rpm,Ca_390rpm,Ca_410rpm,Ca_430rpm,Ca_450rpm
1,0.892739320467,0,0,0,548.289637451,996.89024991,0.000892739320467,0.000892739320467,0.892739320467,8.95524176856e-07,0.895524176856,0.07197,8039.98394022,8635.53830616,9231.0926721,9826.64703805,10422.201404,11017.7557699,11613.3101359,12208.8645018,12804.4188678,13399.9732337,17.9515042918,20.7094857468,23.6644658772,26.8164446829,30.1654221639,33.7113983203,37.4543731521,41.3943466592,45.5313188417,49.8652896996,0.0825970132512,0.0952868150127,0.108883031186,0.12338566177,0.138794706766,0.155110166174,0.172332039993,0.190460328224,0.209495030866,0.22943614792,0.00223277862559,0.0023981696349,0.0025635606442,0.0027289516535,0.00289434266281,0.00305973367211,0.00322512468141,0.00339051569072,0.00355590670002,0.00372129770932
2,2.04945535575,0.244503547845,0.28997416995,171.065196993,418.86733742,1068.02285272,0.00204945535571,0.00204945535571,2.04945535571,1.91892462833e-06,1.91892462833,0.0697914733887,3752.10151233,4030.03495768,4307.96840304,4585.9018484,4863.83529376,5141.76873912,5419.70218447,5697.63562983,5975.56907519,6253.50252055,19.8327610799,22.8797696409,26.1444216705,29.6267171687,33.3266561356,37.2442385711,41.3794644753,45.7323338481,50.3028466896,55.0910029997,0.0825970132512,0.0952868150127,0.108883031186,0.12338566177,0.138794706766,0.155110166174,0.172332039993,0.190460328224,0.209495030866,0.22943614792,0.00528577412278,0.00567731294668,0.00606885177059,0.0064603905945,0.00685192941841,0.00724346824232,0.00763500706623,0.00802654589014,0.00841808471405,0.00880962353796
3,2.89157094744,0.327356055641,0.380475153481,229.399613781,373.529675248,1091.7480136,0.00289157094741,0.00289157094741,2.89157094741,2.64856991851e-06,2.64856991851,0.0690532575442,2718.44815184,2919.8146816,3121.18121137,3322.54774114,3523.9142709,3725.28080067,3926.64733043,4128.0138602,4329.38038997,4530.74691973,20.4900605119,23.6380533477,27.0109028147,30.6086089128,34.4311716421,38.4785910024,42.7508669939,47.2479996166,51.9699888703,56.9168347552,0.0825970132512,0.0952868150127,0.108883031186,0.12338566177,0.138794706766,0.155110166174,0.172332039993,0.190460328224,0.209495030866,0.22943614792,0.00753741081949,0.00809573754686,0.00865406427422,0.00921239100159,0.00977071772896,0.0103290444563,0.0108873711837,0.0114456979111,0.0120040246384,0.0125623513658
4,3.76569984208,0.385042918206,0.441380336538,269.981679595,341.69414111,1107.97919732,0.00376569984214,0.00376569984214,3.76569984214,3.39870987762e-06,3.39870987762,0.0685392675988,2118.45090027,2275.37318918,2432.29547809,2589.21776699,2746.1400559,2903.06234481,3059.98463372,3216.90692263,3373.82921154,3530.75150045,20.9506329734,24.1693859131,27.618049777,31.2966245652,35.2051102777,39.3435069144,43.7118144754,48.3100329606,53.1381623702,58.1962027039,0.0825970132512,0.0952868150127,0.108883031186,0.12338566177,0.138794706766,0.155110166174,0.172332039993,0.190460328224,0.209495030866,0.22943614792,0.0098896004485,0.0106221634447,0.0113547264409,0.0120872894371,0.0128198524332,0.0135524154294,0.0142849784256,0.0150175414218,0.015750104418,0.0164826674142
5,4.70492019218,0.430154659829,0.487856286987,301.66602526,316.684159634,1120.46958565,0.00470492019226,0.00470492019226,4.70492019226,4.19906104772e-06,4.19906104772,0.0681373219809,1714.66904581,1841.68156772,1968.69408964,2095.70661155,2222.71913346,2349.73165537,2476.74417728,2603.7566992,2730.76922111,2857.78174302,21.3117941942,24.5860341802,28.0941484508,31.8361370062,35.8119998463,40.021736971,44.4653483805,49.1428340747,54.0541940537,59.1994283173,0.0825970132512,0.0952868150127,0.108883031186,0.12338566177,0.138794706766,0.155110166174,0.172332039993,0.190460328224,0.209495030866,0.22943614792,0.0124291006747,0.0133497747988,0.0142704489228,0.0151911230469,0.0161117971709,0.017032471295,0.017953145419,0.0188738195431,0.0197944936671,0.0207151677912
6,5.7246962952,0.467477050872,0.525567687767,327.831191774,295.934689205,1130.65308933,0.00572469629512,0.00572469629512,5.72469629512,5.06317662697e-06,5.06317662697,0.0678047794767,1422.03216093,1527.36787655,1632.70359217,1738.0393078,1843.37502342,1948.71073905,2054.04645467,2159.38217029,2264.71788592,2370.05360154,21.6109603937,24.9311628136,28.4885225492,32.2830396005,36.3147139675,40.5835456502,45.0895346486,49.8326809627,54.8129845926,60.0304455381,0.0825970132512,0.0952868150127,0.108883031186,0.12338566177,0.138794706766,0.155110166174,0.172332039993,0.190460328224,0.209495030866,0.22943614792,0.0151972374378,0.0163229587294,0.0174486800211,0.0185744013128,0.0197001226045,0.0208258438962,0.0219515651879,0.0230772864796,0.0242030077712,0.0253287290629
7,6.83564203264,0.499422165543,0.557327896747,350.184127724,278.142804712,1139.25375759,0.00683564203256,0.00683564203256,6.83564203256,6.0001048818e-06,6.0001048818,0.067520148505,1199.97902401,1288.86635912,1377.75369423,1466.64102934,1555.52836445,1644.41569956,1733.30303468,1822.19036979,1911.0777049,1999.96504001,21.8671448824,25.2267062361,28.8262362579,32.6657349478,36.7452023059,41.064638332,45.6240430263,50.4234163887,55.4627584192,60.7420691179,0.0825970132512,0.0952868150127,0.108883031186,0.12338566177,0.138794706766,0.155110166174,0.172332039993,0.190460328224,0.209495030866,0.22943614792,0.0182229392723,0.0195727866258,0.0209226339793,0.0222724813328,0.0236223286863,0.0249721760398,0.0263220233933,0.0276718707468,0.0290217181003,0.0303715654538
8,8.04660753844,0.527399382434,0.584759601187,369.723831381,262.542540356,1146.69456853,0.00804660753847,0.00804660753847,8.04660753847,7.01721954501e-06,7.01721954501,0.0672708715025,1026.04741861,1102.0509311,1178.05444359,1254.05795608,1330.06146857,1406.06498106,1482.06849355,1558.07200604,1634.07551853,1710.07903102,22.0915253159,25.4855593836,29.1220244562,33.0009205336,37.1222476159,41.486005703,46.0921947949,50.9408148917,56.0318659933,61.3653480997,0.0825970132512,0.0952868150127,0.108883031186,0.12338566177,0.138794706766,0.155110166174,0.172332039993,0.190460328224,0.209495030866,0.22943614792,0.0215307060036,0.0231255731149,0.0247204402263,0.0263153073377,0.0279101744491,0.0295050415604,0.0310999086718,0.0326947757832,0.0342896428946,0.0358845100059
9,9.36576036519,0.552312531967,0.608891353488,387.091662071,248.640246181,1153.24633541,0.00936576036524,0.00936576036524,9.36576036524,8.12121406996e-06,8.12121406996,0.0670488953402,886.566951441,952.238577473,1017.91020351,1083.58182954,1149.25345557,1214.9250816,1280.59670764,1346.26833367,1411.9399597,1477.61158573,22.2913031319,25.7160300877,29.3853803975,33.2993540613,37.457951079,41.8611714508,46.5090151765,51.4014822562,56.5385726899,61.9202864776,0.0825970132512,0.0952868150127,0.108883031186,0.12338566177,0.138794706766,0.155110166174,0.172332039993,0.190460328224,0.209495030866,0.22943614792,0.0251433950879,0.0270058687981,0.0288683425083,0.0307308162185,0.0325932899287,0.0344557636389,0.0363182373492,0.0381807110594,0.0400431847696,0.0419056584798
10,10.801052071,0.574779882638,0.630419283524,402.726661042,236.096851447,1159.09381861,0.010801052071,0.010801052071,10.801052071,9.31853133679e-06,9.31853133679,0.0668487112457,772.65394511,829.887570673,887.121196237,944.354821801,1001.58844736,1058.82207293,1116.05569849,1173.28932406,1230.52294962,1287.75657518,22.471421826,25.9238213383,29.6228208159,33.5684202586,37.7606196664,42.1994190395,46.8848183777,51.816817681,56.9954169496,62.4206161833,0.0825970132512,0.0952868150127,0.108883031186,0.12338566177,0.138794706766,0.155110166174,0.172332039993,0.190460328224,0.209495030866,0.22943614792,0.0290834233983,0.0312377510574,0.0333920787165,0.0355464063757,0.0377007340348,0.0398550616939,0.0420093893531,0.0441637170122,0.0463180446713,0.0484723723305
11,12.3604506946,0.595244977052,0.649837912247,416.943933885,224.668268215,1164.36911527,0.0123604506946,0.0123604506946,12.3604506946,1.06155775969e-05,10.6155775969,0.0666663672545,678.248539405,728.489171953,778.729804502,828.97043705,879.211069599,929.451702147,979.692334696,1029.93296724,1080.17359979,1130.41423234,22.6354372608,26.1130353036,29.8390332067,33.8134309699,38.0362285933,42.5074260769,47.2270234207,52.1950206247,57.411417689,62.8762146134,0.0825970132512,0.0952868150127,0.108883031186,0.12338566177,0.138794706766,0.155110166174,0.172332039993,0.190460328224,0.209495030866,0.22943614792,0.0333733667612,0.0358454680028,0.0383175692444,0.040789670486,0.0432617717275,0.0457338729691,0.0482059742107,0.0506780754522,0.0531501766938,0.0556222779354
12,14.0520703589,0.614037882468,0.667511904237,429.978024203,214.172321992,1169.1701408,0.0140520703589,0.0140520703589,14.0520703589,1.20188412863e-05,12.0188412863,0.0664989224672,599.05941251,643.434183807,687.808955104,732.183726401,776.558497698,820.933268995,865.308040292,909.682811589,954.057582886,998.432354183,22.7860008292,26.2867307234,30.0375127529,34.0383469177,38.2892332178,42.7901716532,47.5411622239,52.5422049299,57.7932997711,63.2944467477,0.0825970132512,0.0952868150127,0.108883031186,0.12338566177,0.138794706766,0.155110166174,0.172332039993,0.190460328224,0.209495030866,0.22943614792,0.0380362954882,0.0408537988577,0.0436713022272,0.0464888055967,0.0493063089662,0.0521238123357,0.0549413157051,0.0577588190746,0.0605763224441,0.0633938258136
13,15.8842508396,0.631411478381,0.683718278123,442.008638445,204.469088695,1173.5715884,0.0158842508396,0.0158842508396,15.8842508396,1.35349653967e-05,13.5349653967,0.0663441237276,531.955552819,571.359667842,610.763782866,650.167897889,689.572012913,728.976127937,768.38024296,807.784357984,847.188473007,886.592588031,22.9251468421,26.4472544502,30.2209411732,34.246207011,38.5230519637,43.0514760313,47.8314792137,52.863061511,58.1462229232,63.6809634503,0.0825970132512,0.0952868150127,0.108883031186,0.12338566177,0.138794706766,0.155110166174,0.172332039993,0.190460328224,0.209495030866,0.22943614792,0.0430959818365,0.0462882767873,0.0494805717382,0.052672866689,0.0558651616399,0.0590574565907,0.0622497515416,0.0654420464924,0.0686343414433,0.0718266363941
14,17.8656108918,0.647564158151,0.698672637144,453.176754109,195.44855339,1177.63178772,0.0178656108919,0.0178656108919,17.8656108919,1.51707953863e-05,15.1707953863,0.0662002033509,474.596078629,509.751343712,544.906608796,580.06187388,615.217138963,650.372404047,685.52766913,720.682934214,755.838199298,790.993464381,23.0544729417,26.5964495802,30.39142455,34.4393978512,38.7403694836,43.2943394474,48.1013077425,53.161274369,58.4742393267,64.0402026158,0.0825970132512,0.0952868150127,0.108883031186,0.12338566177,0.138794706766,0.155110166174,0.172332039993,0.190460328224,0.209495030866,0.22943614792,0.048577040519,0.0521753398167,0.0557736391144,0.0593719384121,0.0629702377098,0.0665685370075,0.0701668363052,0.0737651356029,0.0773634349006,0.0809617341983
15,20.0050870084,0.662654668119,0.712546205836,463.595156949,187.022519704,1181.39718739,0.0200050870084,0.0200050870084,20.0050870084,1.6933413438e-05,16.933413438,0.0660657469071,425.194838972,456.69075297,488.186666968,519.682580966,551.178494964,582.674408962,614.17032296,645.666236958,677.162150956,708.658064954,23.1752583832,26.7357919071,30.5506492541,34.6198304243,38.9433354176,43.5211642341,48.3533168736,53.4397933363,58.7805936222,64.3757177312,0.0825970132512,0.0952868150127,0.108883031186,0.12338566177,0.138794706766,0.155110166174,0.172332039993,0.190460328224,0.209495030866,0.22943614792,0.0545050321853,0.0585424419768,0.0625798517684,0.0666172615599,0.0706546713514,0.0746920811429,0.0787294909344,0.0827669007259,0.0868043105174,0.0908417203089
16,22.3119637412,0.676812164417,0.725477305921,473.355586699,179.119112145,1184.90539108,0.0223119637412,0.0223119637412,22.3119637412,1.88301647617e-05,18.8301647617,0.065939603615,382.365215127,410.688564396,439.011913664,467.335262933,495.658612202,523.98196147,552.305310739,580.628660008,608.952009276,637.275358545,23.2885444051,26.8664826402,30.6999878921,34.7890601607,39.1336994462,43.7339057484,48.5896790675,53.7010194033,59.0679267559,64.6904011253,0.0825970132512,0.0952868150127,0.108883031186,0.12338566177,0.138794706766,0.155110166174,0.172332039993,0.190460328224,0.209495030866,0.22943614792,0.0609065455847,0.0654181415539,0.0699297375231,0.0744413334924,0.0789529294616,0.0834645254308,0.0879761214001,0.0924877173693,0.0969993133386,0.101510909308
17,24.7958989901,0.690143238569,0.737579326533,482.533731529,171.678926243,1188.18727654,0.0247958989901,0.0247958989901,24.7958989901,2.08686791044e-05,20.8686791044,0.0658208237443,345.014649177,370.571289857,396.127930537,421.684571216,447.241211896,472.797852576,498.354493256,523.911133936,549.467774615,575.024415295,23.3951905005,26.9895133209,30.8405734856,34.9483709946,39.3129058479,43.9341780456,48.8121875875,53.9469344738,59.3384187043,64.9866402792,0.0825970132512,0.0952868150127,0.108883031186,0.12338566177,0.138794706766,0.155110166174,0.172332039993,0.190460328224,0.209495030866,0.22943614792,0.0678092671031,0.0728321757774,0.0778550844517,0.082877993126,0.0879009018003,0.0929238104746,0.0979467191489,0.102969627823,0.107992536497,0.113015445172
18,27.4669462414,0.702736953956,0.748946405882,491.192809885,164.652262643,1191.26851259,0.0274669462414,0.0274669462414,27.4669462414,2.30568893169e-05,23.0568893169,0.0657086137403,312.271091778,335.402283762,358.533475745,381.664667729,404.795859712,427.927051696,451.05824368,474.189435663,497.320627647,520.45181963,23.4959148342,27.1057124493,30.9733527512,35.0988357399,39.4821614154,44.1233297778,49.0223408269,54.1791945627,59.5938909854,65.2664300949,0.0825970132512,0.0952868150127,0.108883031186,0.12338566177,0.138794706766,0.155110166174,0.172332039993,0.190460328224,0.209495030866,0.22943614792,0.0752420427404,0.0808155273879,0.0863890120353,0.0919624966827,0.0975359813302,0.103109465978,0.108682950625,0.114256435272,0.11982991992,0.125403404567
19,30.3355749565,0.714668537647,0.75965757361,499.386196898,157.997095583,1194.17066944,0.0303355749566,0.0303355749566,30.3355749566,2.5403048101e-05,25.403048101,0.0656023033296,283.430554135,304.425409997,325.420265859,346.415121721,367.409977583,388.404833444,409.399689306,430.394545168,451.38940103,472.384256892,23.5913239177,27.2157797185,31.0991252193,35.2413604202,39.6424853212,44.3024999222,49.2214042233,54.3991982245,59.8358819256,65.5314553269,0.0825970132512,0.0952868150127,0.108883031186,0.12338566177,0.138794706766,0.155110166174,0.172332039993,0.190460328224,0.209495030866,0.22943614792,0.08323493559,0.0894004863745,0.0955660371589,0.101731587943,0.107897138728,0.114062689512,0.120228240297,0.126393791081,0.132559341866,0.13872489265
20,33.4126898632,0.726002139635,0.769779830696,507.1593878,151.677551772,1196.91204706,0.0334126898632,0.0334126898632,33.4126898632,2.79157436383e-05,27.9157436383,0.0655013209359,257.918975517,277.024084815,296.129194112,315.23430341,334.339412708,353.444522005,372.549631303,391.6547406,410.759849898,429.864959195,23.6819348194,27.3203116366,31.2185725122,35.3767174462,39.7947464386,44.4726594893,49.4104565984,54.6081377659,60.0657029917,65.783152276,0.0825970132512,0.0952868150127,0.108883031186,0.12338566177,0.138794706766,0.155110166174,0.172332039993,0.190460328224,0.209495030866,0.22943614792,0.0918192807329,0.0986207089353,0.105422137138,0.11222356534,0.119024993543,0.125826421745,0.132627849947,0.13942927815,0.146230706352,0.153032134555
21,36.7096496378,0.736792930581,0.779370479275,514.551490917,145.662751988,1199.5083036,0.0367096496379,0.0367096496379,36.7096496379,3.06039145605e-05,30.6039145605,0.0654051749885,235.26402107,252.690985594,270.117950118,287.544914642,304.971879165,322.398843689,339.825808213,357.252772736,374.67973726,392.106701784,23.7681920694,27.4198210293,31.3322806292,35.5055708691,39.939691749,44.6346432689,49.5904254288,54.8070382286,60.2844816685,66.0227557484,0.0825970132512,0.0952868150127,0.108883031186,0.12338566177,0.138794706766,0.155110166174,0.172332039993,0.190460328224,0.209495030866,0.22943614792,0.101027738799,0.108511275006,0.115994811213,0.123478347421,0.130961883628,0.138445419835,0.145928956042,0.15341249225,0.160896028457,0.168379564664
22,40.2382853058,0.747088720973,0.788478912255,521.596380181,139.925915563,1201.97293946,0.0402382853057,0.0402382853057,40.2382853057,3.34768645654e-05,33.4768645654,0.0653134394961,215.073905321,231.005305715,246.93670611,262.868106504,278.799506898,294.730907292,310.662307686,326.59370808,342.525108475,358.456508869,23.8504807213,27.5147521078,31.4407571648,35.6284958923,40.0779682902,44.7891743587,49.7621140975,54.9967875069,60.4931945867,66.2513353369,0.0825970132512,0.0952868150127,0.108883031186,0.12338566177,0.138794706766,0.155110166174,0.172332039993,0.190460328224,0.209495030866,0.22943614792,0.110894349018,0.119108745241,0.127323141465,0.135537537688,0.143751933912,0.151966330135,0.160180726359,0.168395122583,0.176609518806,0.18482391503
23,44.0109185806,0.756931227917,0.797148006909,528.323596886,134.443658764,1204.3176751,0.0440109185805,0.0440109185805,44.0109185805,3.65442768884e-05,36.5442768884,0.0652257427593,197.021274275,211.61544274,226.209611204,240.803779669,255.397948134,269.992116599,284.586285064,299.180453528,313.774621993,328.368790458,23.9291365787,27.6054922671,31.5444447903,35.7459941484,40.2101403414,44.9368833693,49.9262232321,55.1781599298,60.6926934623,66.4698238297,0.0825970132512,0.0952868150127,0.108883031186,0.12338566177,0.138794706766,0.155110166174,0.172332039993,0.190460328224,0.209495030866,0.22943614792,0.121454582338,0.130451218067,0.139447853795,0.148444489524,0.157441125253,0.166437760981,0.17543439671,0.184431032439,0.193427668168,0.202424303896
24,48.0403803019,0.766357078331,0.805415223514,534.759063838,129.195438418,1206.55274945,0.0480403803019,0.0480403803019,48.0403803019,3.98162287754e-05,39.8162287754,0.0651417584321,180.830787381,194.22566052,207.62053366,221.015406799,234.410279938,247.805153078,261.200026217,274.594899356,287.989772496,301.384645635,24.0044542998,27.6923814351,31.6437319371,35.8585058059,40.3367030416,45.078323644,50.0833676132,55.3518349493,60.8837256521,66.6790397218,0.0825970132512,0.0952868150127,0.108883031186,0.12338566177,0.138794706766,0.155110166174,0.172332039993,0.190460328224,0.209495030866,0.22943614792,0.132745395004,0.142578387227,0.152411379449,0.162244371672,0.172077363894,0.181910356117,0.19174334834,0.201576340562,0.211409332785,0.221242325007
25,52.3400290848,0.775398612186,0.813313481149,540.92565714,124.163105899,1208.68715829,0.0523400290848,0.0523400290848,52.3400290848,4.33032060661e-05,43.3032060661,0.0650611983654,166.269444092,178.58569921,190.901954328,203.218209446,215.534464563,227.850719681,240.166974799,252.483229917,264.799485035,277.115740153,24.0766938897,27.7757195627,31.7389613553,35.9664192673,40.4580932989,45.2139834499,50.2340897205,55.5184121106,61.0669506201,66.8797052492,0.0825970132512,0.0952868150127,0.108883031186,0.12338566177,0.138794706766,0.155110166174,0.172332039993,0.190460328224,0.209495030866,0.22943614792,0.144805282902,0.155531600154,0.166257917406,0.176984234658,0.18771055191,0.198436869162,0.209163186414,0.219889503666,0.230615820918,0.24134213817
26,56.9237702662,0.784084532078,0.820871862931,546.843668571,119.330546023,1210.72884642,0.0569237702662,0.0569237702662,56.9237702662,4.70161179643e-05,47.0161179643,0.0649838068192,153.138972585,164.482600184,175.826227783,187.169855382,198.513482981,209.85711058,221.200738179,232.544365778,243.887993377,255.231620975,24.1460859523,27.855772683,31.8304370373,36.0700790152,40.5746986167,45.3442958419,50.3788706907,55.678423163,61.2429532591,67.0724609787,0.0825970132512,0.0952868150127,0.108883031186,0.12338566177,0.138794706766,0.155110166174,0.172332039993,0.190460328224,0.209495030866,0.22943614792,0.157674336876,0.169353917386,0.181033497895,0.192713078405,0.204392658914,0.216072239423,0.227751819933,0.239431400442,0.251110980951,0.262790561461
27,61.8060752122,0.792440433333,0.828116189182,552.531182895,114.683382057,1212.68486416,0.0618060752123,0.0618060752123,61.8060752123,5.09663120559e-05,50.9663120559,0.064909355739,141.269786052,151.734214649,162.198643245,172.663071841,183.127500438,193.591929034,204.056357631,214.520786227,224.985214824,235.44964342,24.2128359781,27.9327778568,31.9184298696,36.1697920167,40.6868642979,45.4696467133,50.5181392629,55.8323419467,61.4122547647,67.2578777169,0.0825970132512,0.0952868150127,0.108883031186,0.12338566177,0.138794706766,0.155110166174,0.172332039993,0.190460328224,0.209495030866,0.22943614792,0.171394299197,0.184090173212,0.196786047226,0.209481921241,0.222177795255,0.23487366927,0.247569543284,0.260265417299,0.272961291314,0.285657165328
28,67.0020010398,0.800489240229,0.835069487191,558.004388321,110.208732719,1214.56149563,0.0670020010398,0.0670020010398,67.0020010398,5.51655896229e-05,55.1655896229,0.0648376408696,130.516143292,140.184005758,149.851868224,159.51973069,169.187593156,178.855455622,188.523318088,198.191180554,207.85904302,217.526905486,24.2771278725,28.0069472438,32.0031822845,36.2658329947,40.7948993742,45.590381423,50.6522791413,55.9805925289,61.575321586,67.4364663124,0.0825970132512,0.0952868150127,0.108883031186,0.12338566177,0.138794706766,0.155110166174,0.172332039993,0.190460328224,0.209495030866,0.22943614792,0.18600862131,0.199787037704,0.213565454097,0.22734387049,0.241122286884,0.254900703277,0.26867911967,0.282457536064,0.296235952457,0.310014368851
29,72.5272107918,0.808251567743,0.841752379252,563.277833906,105.895010496,1216.36436492,0.0725272107918,0.0725272107918,72.5272107918,5.96262212896e-05,59.6262212896,0.0647684785314,120.752243632,129.696854271,138.64146491,147.58607555,156.530686189,165.475296829,174.419907468,183.364518107,192.309128747,201.253739386,24.3391268822,28.0784714786,32.0849121177,36.3584487993,40.8990815236,45.7068102904,50.7816350999,56.1235559519,61.7325728466,67.6086857838,0.0825970132512,0.0952868150127,0.108883031186,0.12338566177,0.138794706766,0.155110166174,0.172332039993,0.190460328224,0.209495030866,0.22943614792,0.201562522982,0.21649308024,0.231423637498,0.246354194756,0.261284752014,0.276215309272,0.29114586653,0.306076423788,0.321006981046,0.335937538304
30,78.3979941026,0.815746023638,0.848183405487,568.364644494,101.731753075,1218.09852443,0.0783979941025,0.0783979941025,78.3979941025,6.43609630337e-05,64.3609630337,0.0647017029294,111.869053237,120.155649773,128.442246309,136.728842845,145.015439381,153.302035917,161.588632453,169.875228989,178.161825526,186.448422062,24.398982039,28.1475224894,32.1638158292,36.4478620583,40.9996611766,45.8192131843,50.9065180814,56.2615758677,61.8843865434,67.7749501083,0.0825970132512,0.0952868150127,0.108883031186,0.12338566177,0.138794706766,0.155110166174,0.172332039993,0.190460328224,0.209495030866,0.22943614792,0.218103052927,0.234258834625,0.250414616323,0.266570398022,0.28272617972,0.298881961418,0.315037743116,0.331193524815,0.347349306513,0.363505088211
31,84.6312883823,0.82298946241,0.854379294217,573.276701355,97.7094815212,1219.76852891,0.0846312883822,0.0846312883822,84.6312883822,6.93830725885e-05,69.3830725885,0.0646371638899,103.771708738,111.458501978,119.145295218,126.832088458,134.518881697,142.205674937,149.892468177,157.579261417,165.266054657,172.952847897,24.4568282135,28.2142558677,32.2400712115,36.5342742448,41.0968649678,45.9278433803,51.0272094824,56.3949632742,62.0311047555,67.9356339263,0.0825970132512,0.0952868150127,0.108883031186,0.12338566177,0.138794706766,0.155110166174,0.172332039993,0.190460328224,0.209495030866,0.22943614792,0.235679151003,0.253136865892,0.270594580781,0.28805229567,0.305510010559,0.322967725448,0.340425440337,0.357883155226,0.375340870115,0.392798585005
32,91.2447005474,0.829997200051,0.860355189797,578.024794931,93.8195802596,1221.37849785,0.0912447005475,0.0912447005475,91.2447005475,7.470632626e-05,74.70632626,0.0645747249475,96.3773800754,103.516445266,110.655510457,117.794575648,124.933640838,132.072706029,139.21177122,146.350836411,153.489901602,160.628966792,24.5127878516,28.2788128713,32.3138396782,36.6178682722,41.1908986533,46.0329308215,51.1439647768,56.5240005193,62.1730380489,68.0910773656,0.0825970132512,0.0952868150127,0.108883031186,0.12338566177,0.138794706766,0.155110166174,0.172332039993,0.190460328224,0.209495030866,0.22943614792,0.254341712054,0.273181838872,0.292021965691,0.31086209251,0.329702219329,0.348542346147,0.367382472966,0.386222599785,0.405062726604,0.423902853423
33,98.2565293218,0.836783196717,0.866124845715,582.618754719,90.054194916,1222.93216846,0.0982565293218,0.0982565293218,98.2565293218,8.03450361811e-05,80.3450361811,0.0645142617172,89.6135012469,96.2515383763,102.889575506,109.527612635,116.165649764,122.803686894,129.441724023,136.079761153,142.717798282,149.355835411,24.5669724513,28.3413221283,32.3852682108,36.6988106988,41.2819495923,46.1346848913,51.2570165959,56.6489447059,62.3104692214,68.2415901424,0.0825970132512,0.0952868150127,0.108883031186,0.12338566177,0.138794706766,0.155110166174,0.172332039993,0.190460328224,0.209495030866,0.22943614792,0.274143651453,0.294450588597,0.314757525742,0.335064462886,0.355371400031,0.375678337176,0.39598527432,0.416292211465,0.43659914861,0.456906085754
34,105.685788129,0.843360212909,0.871700789136,587.067560307,86.4061449176,1224.43294068,0.105685788129,0.105685788129,105.685788129,8.63140680209e-05,86.3140680209,0.064455660503,83.4162977726,89.5952827928,95.774267813,101.953252833,108.132237853,114.311222874,120.490207894,126.669192914,132.848177934,139.027162954,24.619483824,28.4019010919,32.4544910218,36.7772536137,41.3701888675,46.2332967834,51.3665773612,56.7700306011,62.4436565029,68.3874550667,0.0825970132512,0.0952868150127,0.108883031186,0.12338566177,0.138794706766,0.155110166174,0.172332039993,0.190460328224,0.209495030866,0.22943614792,0.295139972421,0.3170021926,0.338864412779,0.360726632958,0.382588853138,0.404451073317,0.426313293496,0.448175513676,0.470037733855,0.491899954034
35,113.552228598,0.849739943674,0.877094461817,591.379436748,82.8688483492,1225.88391584,0.113552228598,0.113552228598,113.552228598,9.26288591688e-05,92.6288591688,0.0643988171019,77.7295549639,83.487299776,89.2450445881,95.0027894003,100.760534212,106.518279025,112.276023837,118.033768649,123.791513461,129.549258273,24.6704151788,28.4606572914,32.5216309833,36.8533362548,41.4557731057,46.3289415361,51.472841546,56.8874731353,62.5728363041,68.5289310523,0.0825970132512,0.0952868150127,0.108883031186,0.12338566177,0.138794706766,0.155110166174,0.172332039993,0.190460328224,0.209495030866,0.22943614792,0.317387835172,0.340898045184,0.364408255197,0.38791846521,0.411428675222,0.434938885235,0.458449095248,0.481959305261,0.505469515273,0.528979725286
36,121.876364701,0.855933134456,0.882316341345,595.561936882,79.4362570473,1227.28792984,0.121876364701,0.121876364701,121.876364701,9.93054374106e-05,99.3054374106,0.064343635772,72.5035827619,77.874218522,83.2448542821,88.6154900423,93.9861258024,99.3567615626,104.727397323,110.098033083,115.468668843,120.839304603,24.7198520567,28.5176894097,32.5868008593,36.9271864056,41.5388460486,46.4217797881,51.5759876244,57.0014695573,62.6982255868,68.6662557129,0.0825970132512,0.0952868150127,0.108883031186,0.12338566177,0.138794706766,0.155110166174,0.172332039993,0.190460328224,0.209495030866,0.22943614792,0.340946627946,0.36620193372,0.391457239493,0.416712545267,0.441967851041,0.467223156815,0.492478462589,0.517733768362,0.542989074136,0.56824437991
37,130.67949755,0.861949681536,0.887376045934,599.622012684,76.1028002985,1228.64758182,0.13067949755,0.13067949755,130.67949755,0.000106360440116,106.360440116,0.0642900283375,67.6943419204,72.7087376182,77.723133316,82.7375290139,87.7519247117,92.7663204095,97.7807161073,102.795111805,107.809507503,112.823903201,24.7678731402,28.573088218,32.6501043727,36.9989216045,41.6195399132,46.5119592989,51.6761797616,57.1122013013,62.820023918,68.7996476116,0.0825970132512,0.0952868150127,0.108883031186,0.12338566177,0.138794706766,0.155110166174,0.172332039993,0.190460328224,0.209495030866,0.22943614792,0.365878039989,0.392980117025,0.420082194061,0.447184271098,0.474286348134,0.50138842517,0.528490502206,0.555592579243,0.582694656279,0.609796733315
38,139.983740851,0.867798719479,0.892282425362,603.566077365,72.8633358002,1229.96525905,0.139983740851,0.139983740851,139.983740851,0.00011381113395,113.81113395,0.0642379134094,63.2627033061,67.9488294769,72.6349556477,77.3210818185,82.0072079894,86.6933341602,91.379460331,96.0655865018,100.751712673,105.437838843,24.8145509579,28.6269373877,32.7116371338,37.0686501964,41.6979765754,46.5996162707,51.7735692825,57.2198356108,62.9384152554,68.9293082164,0.0825970132512,0.0952868150127,0.108883031186,0.12338566177,0.138794706766,0.155110166174,0.172332039993,0.190460328224,0.209495030866,0.22943614792,0.392246136525,0.421301405897,0.450356675269,0.479411944641,0.508467214013,0.537522483385,0.566577752758,0.59563302213,0.624688291502,0.653743560874
39,149.812047068,0.873488697548,0.897043640202,607.400059623,69.7131067843,1231.24315851,0.149812047068,0.149812047068,149.812047068,0.000121675435134,121.675435134,0.0641872157049,59.1738175587,63.5570633038,67.9403090489,72.323554794,76.7068005391,81.0900462842,85.4732920292,89.8565377743,94.2397835194,98.6230292645,24.8599524985,28.6793141992,32.77148745,37.1364722508,41.7742686017,46.6848765027,51.8682959536,57.3245269547,63.0535695058,69.0554236069,0.0825970132512,0.0952868150127,0.108883031186,0.12338566177,0.138794706766,0.155110166174,0.172332039993,0.190460328224,0.209495030866,0.22943614792,0.420117435787,0.451237245845,0.482357055904,0.513476865962,0.54459667602,0.575716486079,0.606836296137,0.637956106195,0.669075916253,0.700195726312
40,160.188234277,0.879027446736,0.901667231124,611.129451226,66.6477043928,1232.48330582,0.160188234277,0.160188234277,160.188234277,0.000129971930265,129.971930265,0.0641378654496,55.396576671,59.5000267947,63.6034769185,67.7069270423,71.8103771661,75.9138272898,80.0172774136,84.1207275374,88.2241776612,92.3276277849,24.9041397488,28.7302901629,32.8297370352,37.2024803655,41.8485201541,46.7678564008,51.9604891056,57.4264182686,63.1656438897,69.178165969,0.0825970132512,0.0952868150127,0.108883031186,0.12338566177,0.138794706766,0.155110166174,0.172332039993,0.190460328224,0.209495030866,0.22943614792,0.449560988159,0.482861802097,0.516162616035,0.549463429972,0.58276424391,0.616065057848,0.649365871785,0.682666685723,0.715967499661,0.749268313599
41,171.137013764,0.884422238763,0.906160179696,614.759348865,63.6630345496,1233.68757173,0.171137013764,0.171137013764,171.137013764,0.000138719897716,138.719897716,0.0640897978526,51.9031524572,55.747830417,59.5925083768,63.4371863366,67.2818642964,71.1265422562,74.971220216,78.8158981757,82.6605761355,86.5052540953,24.9471701665,28.7799315638,32.8864616324,37.2667603722,41.9208277832,46.8486638655,52.050268619,57.5256420437,63.2747841397,69.2976949069,0.0825970132512,0.0952868150127,0.108883031186,0.12338566177,0.138794706766,0.155110166174,0.172332039993,0.190460328224,0.209495030866,0.22943614792,0.480648457472,0.516252046914,0.551855636357,0.587459225799,0.623062815242,0.658666404684,0.694269994126,0.729873583569,0.765477173011,0.801080762453
42,182.684018359,0.889679838174,0.910528961939,618.294491114,60.7552886949,1234.85768663,0.182684018359,0.182684018359,182.684018359,0.000147939329639,147.939329639,0.0640429526419,48.6685996048,52.273681057,55.8787625092,59.4838439614,63.0889254136,66.6940068659,70.2990883181,73.9041697703,77.5092512225,81.1143326747,24.9890970958,28.8282999418,32.9417315625,37.3293919579,41.991281128,46.9273990728,52.1377457924,57.6223212867,63.3811255556,69.4141585993,0.0825970132512,0.0952868150127,0.108883031186,0.12338566177,0.138794706766,0.155110166174,0.172332039993,0.190460328224,0.209495030866,0.22943614792,0.513454204532,0.551487849312,0.589521494092,0.627555138872,0.665588783652,0.703622428432,0.741656073213,0.779689717993,0.817723362773,0.855757007553
43,194.85583154,0.894806548482,0.914779595618,621.739291154,57.9209178542,1235.99525328,0.19485583154,0.19485583154,194.85583154,0.000157650954583,157.650954583,0.063997273653,45.6705131855,49.0535141622,52.4365151389,55.8195161156,59.2025170923,62.585518069,65.9685190457,69.3515200224,72.7345209991,76.1175219758,25.0299701349,28.8754525151,32.9956122081,37.3904492139,42.0599635326,47.0041551642,52.2230241087,57.716570366,63.4847939362,69.5276948193,0.0825970132512,0.0952868150127,0.108883031186,0.12338566177,0.138794706766,0.155110166174,0.172332039993,0.190460328224,0.209495030866,0.22943614792,0.548055372911,0.588652067201,0.629248761491,0.669845455781,0.71044215007,0.75103884436,0.79163553865,0.83223223294,0.872828927229,0.913425621519
44,207.680017326,0.899808253173,0.918917682154,625.097865833,55.1566095928,1237.10175809,0.207680017326,0.207680017326,207.680017326,0.000167876260759,167.876260759,0.0639527084642,42.8887322571,46.0656753873,49.2426185174,52.4195616476,55.5965047778,58.7734479079,61.9503910381,65.1273341682,68.3042772984,71.4812204285,25.069835461,28.9214425552,33.0481644418,37.4500011208,42.1269525923,47.0790188562,52.3061999125,57.8084957613,63.5859064025,69.6384318362,0.0825970132512,0.0952868150127,0.108883031186,0.12338566177,0.138794706766,0.155110166174,0.172332039993,0.190460328224,0.209495030866,0.22943614792,0.584531977088,0.627830642057,0.671129307026,0.714427971996,0.757726636965,0.801025301935,0.844323966904,0.887622631874,0.930921296843,0.974219961813
45,221.185150967,0.904690452222,0.922948443854,628.374061555,52.459267478,1238.17858096,0.221185150967,0.221185150967,221.185150967,0.000178637519957,178.637519957,0.0639092080707,40.305082615,43.2906442902,46.2762059654,49.2617676405,52.2473293157,55.2328909909,58.2184526661,61.2040143413,64.1895760165,67.1751376916,25.1087361175,28.9663197186,33.0994450054,37.508111978,42.1923206364,47.1520709806,52.3873630106,57.8981967264,63.684572128,69.7464892153,0.0825970132512,0.0952868150127,0.108883031186,0.12338566177,0.138794706766,0.155110166174,0.172332039993,0.190460328224,0.209495030866,0.22943614792,0.622966992956,0.669112696138,0.71525839932,0.761404102502,0.807549805684,0.853695508866,0.899841212048,0.94598691523,0.992132618412,1.03827832159
46,235.400850463,0.909458294729,0.926876757086,631.57147739,49.8259927285,1239.22700404,0.235400850463,0.235400850463,235.400850463,0.000189957812165,189.957812165,0.063866726594,37.9031529051,40.710793861,43.5184348169,46.3260757729,49.1337167288,51.9413576847,54.7489986407,57.5566395966,60.3642805525,63.1719215084,25.1467122692,29.0101303408,33.149506846,37.5648417849,42.2561351575,47.2233869638,52.4665972037,57.9857658773,63.7808929846,69.8519785256,0.0825970132512,0.0952868150127,0.108883031186,0.12338566177,0.138794706766,0.155110166174,0.172332039993,0.190460328224,0.209495030866,0.22943614792,0.663446450806,0.712590632347,0.761734813889,0.81087899543,0.860023176971,0.909167358512,0.958311540053,1.00745572159,1.05659990314,1.10574408468
47,250.35780893,0.914116608132,0.93070718191,634.693485774,47.2540677752,1240.24821939,0.25035780893,0.25035780893,250.35780893,0.000201861050889,201.861050889,0.0638252210215,35.6680992609,38.3101806876,40.9522621143,43.5943435411,46.2364249678,48.8785063945,51.5205878213,54.162669248,56.8047506747,59.4468321015,25.1838014285,29.0529176973,33.1983994139,37.6202465783,42.3184591905,47.2930372505,52.5439807582,58.0712897137,63.8749641169,69.955003968,0.0825970132512,0.0952868150127,0.108883031186,0.12338566177,0.138794706766,0.155110166174,0.172332039993,0.190460328224,0.209495030866,0.22943614792,0.706059530795,0.75836023678,0.810660942764,0.862961648749,0.915262354734,0.967563060719,1.0198637667,1.07216447269,1.12446517867,1.17676588466
48,266.087827822,0.918669924448,0.934443988614,637.743251078,44.7409414995,1241.24333577,0.266087827822,0.266087827822,266.087827822,0.000214372009222,214.372009222,0.0637846509732,33.5864744009,36.0743613935,38.5622483862,41.0501353788,43.5380223715,46.0259093642,48.5137963568,51.0016833495,53.4895703421,55.9774573348,25.2200386552,29.0947222347,33.2461689269,37.6743787319,42.3793516498,47.3610876804,52.6195868239,58.1548490802,63.9668744493,70.0556629312,0.0825970132512,0.0952868150127,0.108883031186,0.12338566177,0.138794706766,0.155110166174,0.172332039993,0.190460328224,0.209495030866,0.22943614792,0.750898660998,0.806520784035,0.862142907071,0.917765030108,0.973387153145,1.02900927618,1.08463139922,1.14025352226,1.19587564529,1.25149776833
49,282.62385105,0.923122503868,0.938091181533,640.723746313,42.284215947,1242.21338448,0.28262385105,0.28262385105,282.62385105,0.000227516346694,227.516346694,0.0637449784905,31.6460777638,33.9902316722,36.3343855806,38.678539489,41.0226933975,43.3668473059,45.7110012143,48.0551551228,50.3993090312,52.7434629396,25.2554567341,29.1355817742,33.2928586028,37.72728722,42.4388676259,47.4275998202,52.6934838032,58.2365195747,64.0567071349,70.1540464836,0.0825970132512,0.0952868150127,0.108883031186,0.12338566177,0.138794706766,0.155110166174,0.172332039993,0.190460328224,0.209495030866,0.22943614792,0.798059618086,0.857175145352,0.916290672618,0.975406199883,1.03452172715,1.09363725441,1.15275278168,1.21186830895,1.27098383621,1.33009936348
50,300,0.927478356056,0.941652520479,643.637768198,39.8816343421,1243.15932453,0.3,0.3,300,0.000241320636929,241.320636929,0.0637061678475,29.8358237888,32.0458848102,34.2559458316,36.466006853,38.6760678744,40.8861288958,43.0961899171,45.3062509385,47.5163119599,49.7263729813,25.2900863296,29.1755316917,33.3385088653,37.7790178505,42.4970586472,47.4926312555,52.7657356754,58.3163719069,64.1445399499,70.2502398046,0.0825970132512,0.0952868150127,0.108883031186,0.12338566177,0.138794706766,0.155110166174,0.172332039993,0.190460328224,0.209495030866,0.22943614792,0.847641630701,0.910429899642,0.973218168583,1.03600643752,1.09879470646,1.16158297541,1.22437124435,1.28715951329,1.34994778223,1.41273605117
